{"cameraMode":{"drawMode":0,"name":"Shaded","section":"Shading Mode"},"sceneLighting":true,"audioPlay":false,"sceneViewState":{"showFog":true,"showMaterialUpdate":false,"showSkybox":true,"showFlares":true,"showImageEffects":true,"showParticleSystems":true},"in2DMode":false,"pivot":{"x":24.162723541259767,"y":-1.0372676849365235,"z":-8.174790382385254},"rotation":{"x":0.1821020096540451,"y":0.2982095181941986,"z":-0.058049872517585757,"w":0.9351898431777954},"size":2.6374552249908449,"orthographic":false}